"location","source","target","id","fuzzy","context","translator_comments","developer_comments"
"Scripts/Content/bumshak.d:28373","Zeg uw Gebeden. U zult nu sterven.","Zeg uw mieć. U zult nu ginąć..","","","DIA_DJG_322_Orkjaeger_18_00","",""
"Scripts/Content/bumshak.d:28374","Halt. Langsam. Ich komme aus den Bergen von Khalod-Nur und nicht aus den Steppen von Fahlan-Dur. Du sprichst den falschen Dialekt.","Stój. Powoli. Pochodzę z gór Khalod-Nur a nie ze stepów Fahlan-Dur. Mówisz w złym dialekcie.","","","DIA_DJG_322_Orkjaeger_18_01","",""
"Scripts/Content/bumshak.d:28375","(Verwirrt) Was? Ach so. Ich leider sprechen Dialekt Berg schlecht.","(Zmieszany) Co? A... tak. Ja mówić dialekt góry nie za dobrze.","","","DIA_DJG_322_Orkjaeger_18_02","",""
"Scripts/Content/bumshak.d:28376","Ich verfolgen Dich schon lange. Ich viel Geld bekommen für deinen Kopf. Du jetzt müssen sterben.","Ja ścigać Ciebie już długo. Ja otrzymać wiele pieniędzy za twoja głowa. Ty teraz umrzeć.","","","DIA_DJG_322_Orkjaeger_18_03","",""
"Scripts/Content/bumshak.d:28406","Hey du, Hexe.","Hej ty, wiedźmo.","","","dia_none_1001_hexe.description","",""
"Scripts/Content/bumshak.d:28414","Hey du, Hexe.","Hej ty, wiedźmo.","","","DIA_NONE_1001_Hexe_17_00","",""
"Scripts/Content/bumshak.d:28415","Aaah (kreischt erschrocken)! Wo kommst du plötzlich her? Bitte verschone mich. Ich kann dir helfen!","Aaah (krzyczy przestraszona)! Dlaczego tu przyszedłeś? Proszę, oszczędź mnie. Mogę ci pomóc!","","","DIA_NONE_1001_Hexe_17_01","",""
"Scripts/Content/bumshak.d:28417","Zeit zu sterben, Hexe!","Czas umierać, wiedźmo!","","","dia_none_1001_hexe.dia_none_1001_hexe_no","Info_AddChoice",""
"Scripts/Content/bumshak.d:28418","Na gut. Ich werde dich verschonen. Was kannst du für mich tun?","No dobra. Oszczędzę cię. Co możesz dla mnie zrobić?","","","dia_none_1001_hexe.dia_none_1001_hexe_yes","Info_AddChoice",""
"Scripts/Content/bumshak.d:28422","Na gut. Ich werde dich verschonen. Was kannst du für mich tun?","No dobra. Oszczędzę cię. Co możesz dla mnie zrobić?","","","DIA_NONE_1001_Hexe_17_02","",""
"Scripts/Content/bumshak.d:28423","Danke, edler Ork Ritter. Ich schenke dir diesen Talisman. Er wird dich vor den Kräften des kalten Todes bewahren. Lebe wohl.","Dziękuję szlachetny orku. Weź ten amulet. On cię uchroni przed mrozem. Niech ci się dobrze wiedzie.","","","DIA_NONE_1001_Hexe_17_03","",""
"Scripts/Content/bumshak.d:28434","Zeit zu sterben, Hexe!","Czas umierać, wiedźmo!","","","DIA_NONE_1001_Hexe_17_04","",""
"Scripts/Content/bumshak.d:28435","NEIN!!!","NIE!!!","","","DIA_NONE_1001_Hexe_17_05","",""
"Scripts/Content/bumshak.d:28468","(Du hast das Gefühl, dass es besser wäre, den Drachen nicht zu stören.)","(Masz przeczucie, że lepiej byłoby nie przeszkadzać smokowi.)","","","dia_none_100_tarokhan.description","",""
"Scripts/Content/bumshak.d:28500","Sei gegrüßt, Ork. Ich habe einen wichtigen Auftrag für dich.","Bądź pozdrowiony, orku. Mam dla ciebie ważne zadanie.","","","DIA_NONE_100_Tarokhan_20_00","",""
"Scripts/Content/bumshak.d:28501","Alle meine Brüder hier im Minental wurden von den Menschen erschlagen. Aber es kommt noch schlimmer.","Wszyscy moi bracia w Górniczej Dolinie zostali zabici przez ludzi. Jednak jest coś gorszego.","","","DIA_NONE_100_Tarokhan_20_01","",""
"Scripts/Content/bumshak.d:28502","Die Menschen haben rausgefunden, dass sie aus unseren Eiern einen mächtigen Trank brauen können.","Ludzie z zewnątrz odkryli, że mogą warzyć z naszych jaj potężny napój.","","","DIA_NONE_100_Tarokhan_20_02","",""
"Scripts/Content/bumshak.d:28503","Viele Drachenjäger strömen nun ins Minental und stehlen die Brut meiner gefallenen Brüder. Töte sie und bringe mir die drei Eier.","Wielu Łowców Smoków przychodzi teraz do doliny i kradnie jaja moich poległych braci. Uratuj ich potomstwo.","","","DIA_NONE_100_Tarokhan_20_03","",""
"Scripts/Content/bumshak.d:28504","Suche im Sumpf, in den Felsen hoch auf dem Berg und in der alten Bergfestung.","Szukaj na bagnie, w skałach na górze i w starej górskiej twierdzy.","","","DIA_NONE_100_Tarokhan_20_04","",""
"Scripts/Content/bumshak.d:28505","Die Brut im Eisgebiet ist schon verloren. Dort wirst du nichts finden.","Jaja w gnieździe pośród lodu są już zgubione. Nic tam nie znajdziesz.","","","DIA_NONE_100_Tarokhan_20_05","",""
"Scripts/Content/bumshak.d:28506","Und nun entferne dich. Ich werde dich reich belohnen.","Idź już. Wynagrodzę cię jak wrócisz.","","","DIA_NONE_100_Tarokhan_20_06","",""
"Scripts/Content/bumshak.d:28520","Ich bringe dir die Eier.","Przyniosłem jaja.","","","dia_none_100_tarokhan_mission3_solve.description","",""
"Scripts/Content/bumshak.d:28531","Ich bringe dir die Eier, weiser Tarokhan.","Przyniosłem jaja, wszechmocny Tarokhanie.","","","DIA_NONE_100_Tarokhan_20_07","",""
"Scripts/Content/bumshak.d:28532","Hmmm. Ich wusste, dass du mich nicht enttäuschen wirst, Ork.","HHmm. Wiedziałem, że mnie nie rozczarujesz orku.","","","DIA_NONE_100_Tarokhan_20_08","",""
"Scripts/Content/bumshak.d:28533","Und nun entferne dich. Ich werde dich später entlohnen.","Oddal się teraz. Wynagrodzę cię później.","","","DIA_NONE_100_Tarokhan_20_09","",""
"Scripts/Content/bumshak.d:28559","Sei gegrüßt, Ork. Jetzt wo ich dich sehe, erinnere ich mich, dass ich dir eine Belohnung versprochen hatte.","Bądź pozdrowiony orku. Przypomniałem sobie, że mam dla ciebie nagrodę.","","","DIA_NONE_100_Tarokhan_20_10","",""
"Scripts/Content/bumshak.d:28560","Nun gut. Ich werde dir den Weg zur einer mächtigen Axt weisen. Sie wurde von deinen Ahnen vor hunderten von Jahren geschmiedet.","Wskażę ci teraz drogę do potężnego topora. Został wykuty przez twoich przodków setki lat temu.","","","DIA_NONE_100_Tarokhan_20_11","",""
"Scripts/Content/bumshak.d:28561","Sie wird deine Feinde mit einem einzigen Streich niederstrecken. Ich gebe dir aber nur einen Hinweis: Suche dort, wo du sonst nicht hinkommst.","Powali na ziemie twoich wrogów jednym ciosem. Dam ci tylko jedna wskazówkę: Szukaj tam gdzie jeszcze nie byłeś, a bardzo chciałbyś się dostać.","","","DIA_NONE_100_Tarokhan_20_12","",""
"Scripts/Content/bumshak.d:28562","Und nun entferne dich.","Odejdź teraz.","","","DIA_NONE_100_Tarokhan_20_13","",""
"Scripts/Content/bumshak.d:28578","Ich habe die Axt gefunden.","Znalazłem topór.","","","dia_none_100_tarokhan_mission7_solve.description","",""
"Scripts/Content/bumshak.d:28589","Ich habe die Axt gefunden, weiser Tarokhan.","Znalazłem topór, wszechmocny Tarokhanie.","","","DIA_NONE_100_Tarokhan_20_14","",""
"Scripts/Content/bumshak.d:28590","Hmmm. Damit bist du mächtiger als die meisten deines Volkes. Setze sie weise ein.","Hmm. Jesteś teraz najpotężniejszy z twojego ludu. Używaj go mądrze.","","","DIA_NONE_100_Tarokhan_20_15","",""
"Scripts/Content/bumshak.d:28591","Und nun entferne dich.","Teraz odejdź.","","","DIA_NONE_100_Tarokhan_20_16","",""
"Scripts/Content/bumshak.d:28623","Großer Ur-Shak. Es ist mir eine Ehre.","Czcigodny Ur-Shaku. To dla mnie honor.","","","dia_orc_101_urshak.description","",""
"Scripts/Content/bumshak.d:28631","Großer Ur-Shak. Es ist mir eine Ehre, an eurer Seite kämpfen zu dürfen.","Czcigodny Ur-Shaku. To dla mnie honor, móc walczyć w waszej sprawie.","","","DIA_ORC_101_Urshak_18_00","",""
"Scripts/Content/bumshak.d:28632","Heute ist ein großer Tag für uns alle, Elite. Die Burg ist endlich gefallen und Hosh-Paks Tod ist gesühnt worden.","Dziś jest dla nas wszystkich wielki dzień, elito. Zamek w końcu upadł a śmierć Hosh-Paka została zadość uczyniona.","","","DIA_ORC_101_Urshak_18_01","",""
"Scripts/Content/bumshak.d:28633","Aber noch ist deine Arbeit nicht getan. Der Vorstand der Paladine ist geflohen und auf dem Weg zum Pass nach Khorinis.","Ale twoje zadanie jeszcze nie dobiegło końca. Dowódcy paladynów żyją i zmierzają w kierunku przejścia do Khorinis.","","","DIA_ORC_101_Urshak_18_02","",""
"Scripts/Content/bumshak.d:28634","Verfolge ihn und bringe ihn zur Strecke. Wenn du triumphierst, werde ich dich zum Orkischen Kriegsherren ernennen.","Udaj się tam czym prędzej i przetnij im drogę. Gdy zwyciężysz nadam ci tytuł Herszta.","","","DIA_ORC_101_Urshak_18_03","",""
"Scripts/Content/bumshak.d:28635","Möge dich die Weisheit unserer Ahnen leiten.","Niech cię prowadzi mądrość naszych przodków.","","","DIA_ORC_101_Urshak_18_04","",""
"Scripts/Content/bumshak.d:28655","Ich habe den Vorstand der Paladine erschlagen.","Zabiłem dowódców paladynów.","","","dia_orc_101_urshak_solve.description","",""
"Scripts/Content/bumshak.d:28666","Ich habe den Vorstand der Paladine erschlagen.","Zabiłem dowódców paladynów.","","","DIA_ORC_101_Urshak_18_05","",""
"Scripts/Content/bumshak.d:28667","Du erfüllst uns alle mit Stolz. Dann soll es so sein: Ich ernenne dich hiermit zum Orkischen Kriegsherr.","Wykonując te wszystkie zadania okryłeś się chwałą. Niniejszym nadaje ci tytuł: Herszta.","","","DIA_ORC_101_Urshak_18_06","",""
"Scripts/Content/bumshak.d:28668","Desweiteren erteile ich dir die Befehlsgewalt über die Burg. Möge sie nie wieder in Menschenhand fallen.","Oddaje też w twoje ręce dowództwo nad zamkiem. Oby trwał pod twoją komendą i nigdy nie powrócił w ręce ludzkie","","","DIA_ORC_101_Urshak_18_07","",""
"Scripts/Content/bumshak.d:28684","Für die Horde, Ur-Shak.","Za Hordę.","","","dia_orc_101_urshak_mission1.description","",""
"Scripts/Content/bumshak.d:28695","Für die Horde, Ur-Shak.","Za Hordę.","","","DIA_ORC_101_Urshak_18_08","",""
"Scripts/Content/bumshak.d:28696","Für die Horde, Bumshak.","Za Hordę, Bumshaku.","","","DIA_ORC_101_Urshak_18_09","",""
"Scripts/Content/bumshak.d:28697","Es läuft gut für uns im Minental. Die Ritter und Drachenjäger fliehen ins Umland und die Truppen in Khorinis sind zu schwach für einen Gegenschlag.","W Górniczej Dolinie zapanowała bardzo pomyślna dla nas sytuacja. Rycerze i Łowcy smoków rozproszyli się po okolicy a oddziały z Khorinis są za słabe aby przepuścić kontratak.","","","DIA_ORC_101_Urshak_18_10","",""
"Scripts/Content/bumshak.d:28698","Außerdem hat sich der Feuerdrache Tarokhan in der Burg niedergelassen. Er will seine toten Brüder rächen und wird uns eine große Hilfe im Kampf sein.","Poza tym ognisty smok Tarokhan  osiadł w zamku, chce pomścić śmierć swoich braci. To dla nas bardzo pomyślna wiadomość.","","","DIA_ORC_101_Urshak_18_11","",""
"Scripts/Content/bumshak.d:28699","Aber es gibt noch viel zu tun. Ein Dieb in den eigenen Reihen macht uns schwer zu schaffen.","Jednak jest jeszcze dużo do zrobienia. Mamy złodzieja w swoich własnych szeregach.","","","DIA_ORC_101_Urshak_18_12","",""
"Scripts/Content/bumshak.d:28700","Jede Nacht verschwinden große Mengen an Nahrung aus unserem Lager in der Kapelle.","Duże ilości jedzenia znikają w nocy z magazynu w kaplicy.","","","DIA_ORC_101_Urshak_18_13","",""
"Scripts/Content/bumshak.d:28701","Am besten du schläfst bis Mitternacht und lauerst dem Dieb hinter den Kisten zwischen Haupthaus und Kapelle auf.","Zaczaisz się o północy wśród skrzyń między główną chatą a kaplicą.","","","DIA_ORC_101_Urshak_18_14","",""
"Scripts/Content/bumshak.d:28702","Hier hast du ein Schlummerfell. Damit kannst du hier in der Burg in den Haupthäusern übernachten.","Masz tu futro do spania. Będziesz mógł się na nim przespać.","","","DIA_ORC_101_Urshak_18_15","",""
"Scripts/Content/bumshak.d:28703","Erstatte mir Meldung, wenn du den Dieb ertappt hast. Stelle ihn aber erst zur Rede, wenn er sich im Lager befindet.","Powiedz mi gdy uda ci się go złapać. Będziesz mógł mu coś udowodnić dopiero gdy złapiesz go w magazynie.","","","DIA_ORC_101_Urshak_18_16","",""
"Scripts/Content/bumshak.d:28704","Viel Erfolg, Bumshak.","Życzę ci powodzenia, Bumshaku.","","","DIA_ORC_101_Urshak_18_17","",""
"Scripts/Content/bumshak.d:28705","Ich werde den Dieb schnappen, Ur-Shak.","Złapię tego złodzieja.","","","DIA_ORC_101_Urshak_18_18","",""
"Scripts/Content/bumshak.d:28721","Ich habe den Dieb geschnappt.","Złapałem złodzieja.","","","dia_orc_101_urshak_mission1_solve.description","",""
"Scripts/Content/bumshak.d:28732","Ich habe den Dieb geschnappt.","Złapałem złodzieja.","","","DIA_ORC_101_Urshak_18_19","",""
"Scripts/Content/bumshak.d:28733","Ausgezeichnet. Ich werde ihn aus der Horde verbannen. Komme wieder, wenn du Zeit für einen weiteren Auftrag hast.","Doskonale. Zostanie wygnany z Hordy. Przyjdź kiedy będziesz gotów do kolejnego zadania.","","","DIA_ORC_101_Urshak_18_20","",""
"Scripts/Content/bumshak.d:28749","Was kann ich tun, Ur-Shak?","Co mam robić, Ur-Shaku?","","","dia_orc_101_urshak_mission2.description","",""
"Scripts/Content/bumshak.d:28760","Was kann ich tun, Ur-Shak?","Co mam robić, Ur-Shaku?","","","DIA_ORC_101_Urshak_18_21","",""
"Scripts/Content/bumshak.d:28761","Es treiben sich immer noch eine Handvoll Ritter im Minental herum. Sie stellen keine wirkliche Gefahr für uns dar.","Po Górniczej Dolinie wciąż jeszcze wałęsają się rycerze. Co prawda nie przedstawiają oni nam żadnego zagrożenia.","","","DIA_ORC_101_Urshak_18_22","",""
"Scripts/Content/bumshak.d:28762","Allerdings ist es möglich, dass sie Details unseres Vorgehens ausspionieren und ihren Kommandanten in Khorinis zukommen lassen.","Ale mogą nas szpiegować i donosić dowódcy oddziałów w Khorinis informacje o naszych działaniach.","","","DIA_ORC_101_Urshak_18_23","",""
"Scripts/Content/bumshak.d:28763","Erschlage mindestens vier von ihnen und bringe mir ihre Runen, Bumshak. Ich habe gehört, dass sie sich bevorzugt in Höhlen verstecken.","Napadnij i zetrzyj przynajmniej czterech i przynieś mi ich runy. Przeszukaj niewielkie jaskinie przy ścieżkach. To idealne kryjówki nawet dla małych oddziałów.","","","DIA_ORC_101_Urshak_18_24","",""
"Scripts/Content/bumshak.d:28764","Ich werde dir ihre Runen bringen, Ur-Shak.","Przyniosę ich runy, Ur-Shaku.","","","DIA_ORC_101_Urshak_18_25","",""
"Scripts/Content/bumshak.d:28778","Ich bringe dir die Runen der Ritter.","Mam dla ciebie runy.","","","dia_orc_101_urshak_mission2_solve.description","",""
"Scripts/Content/bumshak.d:28789","Ich bringe dir die Runen der Ritter.","Mam dla ciebie runy.","","","DIA_ORC_101_Urshak_18_26","",""
"Scripts/Content/bumshak.d:28790","Sehr gut. Nun können wir alle ruhiger schlafen. Der Feuerdrache Tarokhan will dich sprechen. Du findest ihn im Hof der Burg.","Bardzo dobrze. Możemy teraz spać spokojniej. Ognisty smak Tarokhan chce z tobą mówić, znajdziesz go na dziedzińcu zamkowym.","","","DIA_ORC_101_Urshak_18_27","",""
"Scripts/Content/bumshak.d:28791","Das ist eine große Ehre für dich, Bumshak. Erzürne ihn nicht und erfülle alles was er von dir fordert.","To dla ciebie wielki zaszczyt. Staraj się go nie rozgniewać i wykonaj każde polecenie jakie ci zleci.","","","DIA_ORC_101_Urshak_18_28","",""
"Scripts/Content/bumshak.d:28806","Gibt es etwas neues, Ur-Shak?","Są jakieś nowiny?","","","dia_orc_101_urshak_mission4.description","",""
"Scripts/Content/bumshak.d:28817","Gibt es etwas neues, Ur-Shak?","Są jakieś nowiny?","","","DIA_ORC_101_Urshak_18_29","",""
"Scripts/Content/bumshak.d:28818","Ja, Bumshak. Der Schamane Goshak-Gar hat den Verstand verloren. Er hat Magie eingesetzt, die den Zorn unserer Ahnen heraufbeschworen hat.","Tak, Szaman Goshak-Gar postradał rozum. Studiował czarną magię i tym samym zbudził gniew naszych przodków.","","","DIA_ORC_101_Urshak_18_30","",""
"Scripts/Content/bumshak.d:28819","Wir haben ihn verbannt. Unsere Späher berichten, dass er jetzt das Eisgebiet heimsucht. Angeblich hat er eine Armee von Frostwölfen um sich gescharrt.","Został wygnany, ale nasi szpiedzy donoszą, że osiadł w oblodzonej części kolonii. Rzekomo powołał armie lodowych wilków.","","","DIA_ORC_101_Urshak_18_31","",""
"Scripts/Content/bumshak.d:28820","Suche Goshak-Gar auf und versuche, ihn zur Vernunft zu bringen. Wenn das scheitert, dann beschwichtige die Ahnen mit seinem Blut im weißen Schnee.","Znajdź Goshak-Gara i spróbuj przemówić mu do rozsądku. Jeżeli to zawiedzie, to przebłagaj przodków rozlewając jego krew pośród bieli śniegu.","","","DIA_ORC_101_Urshak_18_32","",""
"Scripts/Content/bumshak.d:28834","Goshak-Gars Blut färbt den Schnee rot.","Krew Goshak-Gara zabarwiła śnieg na czerwono.","","","dia_orc_101_urshak_mission4_solve.description","",""
"Scripts/Content/bumshak.d:28845","Goshak-Gars Blut färbt den Schnee rot.","Krew Goshak-Gara zabarwiła śnieg na czerwono.","","","DIA_ORC_101_Urshak_18_33","",""
"Scripts/Content/bumshak.d:28846","(Seufzt) Das habe ich befürchtet. Nun gut, du hast deine Aufgabe erfüllt. Mögen die Ahnen gnädig mit seiner Seele sein.","(Wzdycha) Tego się obawiałem. Słusznie postąpiłeś. Mam nadzieję, że przodkowie zmiłują się nad jego duszą.","","","DIA_ORC_101_Urshak_18_34","",""
"Scripts/Content/bumshak.d:28847","Du solltest nun mit Nur-Shak reden. Er hat Neuigkeiten für dich. Er steht vor der Kerkertür.","Porozmawiaj teraz z Nur-Shakiem. Ma dla ciebie nowiny. Znajdziesz go przed więziennymi drzwiami.","","","DIA_ORC_101_Urshak_18_35","",""
"Scripts/Content/bumshak.d:28891","Sehr gut, frisches Fleisch für die Horde. Siehst du diese Burg? Sie wird schon bald ein Grab für alle Menschen in ihr sein.","Bardzo dobrze, świeża krew dla Hordy. Widzisz ten zamek? Niedługo zamieni się w grób dla wszystkich broniących go ludzi.","","","DIA_ORC_102_Nurshak_18_00","",""
"Scripts/Content/bumshak.d:28892","Unser Meister hat einen seiner Diener in die Burg geschleust. Er wird uns das Tor öffnen. Die Menschen würden ihn einen Besessenen nennen.","Mistrz wysłał szpiega do zamku. Ludzie uważają go za jednego ze swoich. Gdy nadejdzie odpowiedni moment on otworzy nam bramę.","","","DIA_ORC_102_Nurshak_18_01","",""
"Scripts/Content/bumshak.d:28893","Doch für mich ist er ein Held. Wir werden die Menschen überraschen und in Stücke reissen. Aber vorher musst du noch etwas für mich tun.","Wedrzemy się do środka i wykorzystując moment zaskoczenia posiekamy ludzi na kawałki. Najpierw jednak musisz dla mnie coś zrobić.","","","DIA_ORC_102_Nurshak_18_02","",""
"Scripts/Content/bumshak.d:28894","Wir benötigen die Unterstützung aller Horden rund um die Burg für den Sturm. Gehe zu den drei anderen Kriegsherren und bringe mir ihre Ringe.","Potrzebujemy wsparcia wszystkich Hord, które stacjonują wokół zamku. Udaj się do trzech oddziałów porozmawiaj z ich przywódcami - Hersztami i przynieś mi ich pierścienie.","","","DIA_ORC_102_Nurshak_18_03","",""
"Scripts/Content/bumshak.d:28895","Sie sind ein Symbol für ihre Bereitschaft zur Schlacht. Wenn ich alle Ringe habe, werden ich das Horn des Gorrak ertönen lassen und den Angriff eröffnen.","Będzie to znak, że są oni gotowi. Gdy będę miał wszystkie pierścienie zadmę w róg Gorraka i rozpocznę szturm.","","","DIA_ORC_102_Nurshak_18_04","",""
"Scripts/Content/bumshak.d:28896","Du findest die Kriegsherren Tum-Pak, Durkash und Farrok bei ihren Truppen rund um die Burg. Du erkennst sie an ihren Äxten. Beeile dich. Für die Horde.","Hersztów Tum-Paka, Durkasha i Farroka znajdziesz przy ich oddziałach w pobliżu zamku, rozpoznasz ich po toporach. Za Hordę!","","","DIA_ORC_102_Nurshak_18_05","",""
"Scripts/Content/bumshak.d:28897","Für die Horde, Nur-Shak.","Za Hordę, Nur-Shaku.","","","DIA_ORC_102_Nurshak_18_06","",""
"Scripts/Content/bumshak.d:28910","Ich bringe dir alle drei Ringe.","Przyniosłem pierścienie.","","","dia_orc_102_nurshak_solve.description","",""
"Scripts/Content/bumshak.d:28921","Ich habe alle Kriegsherren aufgesucht. Sie sind bereit für den Sturm auf die Burg. Hier sind ihre Ringe.","Rozmawiałem ze wszystkimi Hersztami, są gotowi do szturmu. Oto ich pierścienie.","","","DIA_ORC_102_Nurshak_18_07","",""
"Scripts/Content/bumshak.d:28922","Ja. Endlich. Du hast dich bewährt. Ich erhebe dich in den Stand der Elite Krieger. Hier hast du eine neue Rüstung, eine neue Waffe und ein paar Heiltränke.","Nareszcie. Dobrze się spisałeś. Za twoje zasługi podnoszę cię do rangi Elitarnego Wojownika. Masz tu nową zbroję i broń oraz kilka napojów leczniczych.","","","DIA_ORC_102_Nurshak_18_08","",""
"Scripts/Content/bumshak.d:28923","Ich werde jetzt das Horn des Garrok erklingen lassen. Tod den Menschen. Bist du bereit?","Zadmę teraz w róg Gorraka dając sygnał do ataku. Śmierć ludziom! Jesteś gotów?","","","DIA_ORC_102_Nurshak_18_09","",""
"Scripts/Content/bumshak.d:28931","Ja, ich bin bereit. Tod den Menschen.","Tak jestem gotowy. Śmierć ludziom.","","","dia_orc_102_nurshak_solve.dia_orc_102_nurshak_episode3","Info_AddChoice",""
"Scripts/Content/bumshak.d:28947","Für die Horde, Nur-Shak.","Za Hordę.","","","dia_orc_102_nurshak_st.description","",""
"Scripts/Content/bumshak.d:28958","Für die Horde, Nur-Shak.","Za Hordę.","","","DIA_ORC_102_Nurshak_18_10","",""
"Scripts/Content/bumshak.d:28959","Für die Horde, Bumshak.","Za Hordę.","","","DIA_ORC_102_Nurshak_18_11","",""
"Scripts/Content/bumshak.d:28970","Ur-Shak meinte, du hättest Neuigkeiten für mich.","Ur-Shak powiedział, że masz dla mnie jakieś nowiny.","","","dia_orc_102_nurshak_mission5.description","",""
"Scripts/Content/bumshak.d:28981","Ur-Shak meinte, du hättest Neuigkeiten für mich.","Ur-Shak powiedział, że masz dla mnie jakieś nowiny.","","","DIA_ORC_102_Nurshak_18_12","",""
"Scripts/Content/bumshak.d:28982","Ja, Bumshak. Und zwar gute Neuigkeiten. Du wirst in unsere Hauptstadt abberufen. Dort sollst du zum Oberst befördert werden.","Tak Bumshaku, i to dobre nowiny. Zostałeś oddelegowany do stolicy. Zostaniesz tam podniesiony do najwyższego odznaczenia.","","","DIA_ORC_102_Nurshak_18_13","",""
"Scripts/Content/bumshak.d:28983","Außerdem kannst du dann endlich Bakka heiraten. Du wirst zwei Wochen Urlaub erhalten. Ich freue mich so für dich, Bumshak.","Poza tym będziesz w końcu mógł poślubić Bakkae. Dostaniesz w tym tygodniu urlop. Cieszę się razem z tobą Bumshaku.","","","DIA_ORC_102_Nurshak_18_14","",""
"Scripts/Content/bumshak.d:28984","Ein Schiff wird dich mitnehmen. Weitere Order wirst du dann direkt von den Stammesfürsten bekommen.","Do stolicy dotrzesz statkiem. Dalsze rozkazy otrzymasz od Starszych na miejscu.","","","DIA_ORC_102_Nurshak_18_15","",""
"Scripts/Content/bumshak.d:28985","Da sind in der Tat gute Neuigkeiten, Nur-Shak. Aber ich brauche noch ein Hochzeitsgeschenk für Bakka.","To rzeczywiście dobre nowiny ale potrzebuję jeszcze prezentu ślubnego dla Bakkai.","","","DIA_ORC_102_Nurshak_18_16","",""
"Scripts/Content/bumshak.d:28986","Daran habe ich auch schon gedacht. Wie du weißt, bin ich ein guter Goldschmied. Bringe mir 10 Goldbrocken und ich werde eine prachtvolle Kette schmieden.","O tym też pomyślałem. Jak wiesz jestem dobrym złotnikiem. Przynieś mi 10 bryłek złota a odkuje ci wspaniały naszyjnik.","","","DIA_ORC_102_Nurshak_18_17","",""
"Scripts/Content/bumshak.d:28987","Allerdings ist Gold sehr selten im Minental. Du wirst schon sehr genau suchen müssen. Viel Glück, Bumshak.","Jedyny problem w tym, że złoto jest bardzo rzadkie na wyspie. Będziesz musiał ją przeszukać bardzo dokładnie. Życzę ci dużo szczęścia Bumshaku.","","","DIA_ORC_102_Nurshak_18_18","",""
"Scripts/Content/bumshak.d:28988","Danke, Nur-Shak. Ich werde Bakka zur glücklichsten Frau machen.","Dziękuję Nur-Shaku. Uczynię Bakkae najszczęśliwszą panią.","","","DIA_ORC_102_Nurshak_18_19","",""
"Scripts/Content/bumshak.d:29003","Ich habe die Goldbrocken.","Mam bryłki.","","","dia_orc_102_nurshak_mission5_solve.description","",""
"Scripts/Content/bumshak.d:29014","Ich habe die Goldbrocken.","Mam bryłki.","","","DIA_ORC_102_Nurshak_18_20","",""
"Scripts/Content/bumshak.d:29015","Ausgezeichnet, Bumshak. Schau wie sie glänzen. Bakka wird dich vergöttern. Ich werde mich gleich an die Arbeit machen.","Doskonale. Popatrz jak one się świecą. Bakka będzie przeszczęśliwa. Zaraz zabiorę się za pracę.","","","DIA_ORC_102_Nurshak_18_21","",""
"Scripts/Content/bumshak.d:29016","Du solltest dich jetzt für die Abreise bereit machen. Komme später wieder.","Idź przygotowywać się teraz do wyjazdu, wróć do mnie za jakiś czas.","","","DIA_ORC_102_Nurshak_18_22","",""
"Scripts/Content/bumshak.d:29031","Ich bin bereit für die Abreise.","Jestem gotowy do podróży.","","","dia_orc_102_nurshak_quit.description","",""
"Scripts/Content/bumshak.d:29042","Ich bin bereit für die Abreise.","Jestem gotowy do podróży.","","","DIA_ORC_102_Nurshak_18_23","",""
"Scripts/Content/bumshak.d:29043","Bist du wirklich sicher? Oder willst du lieber noch ein wenig durch das Minental ziehen?","Jesteś pewien? Może chcesz pobyć jeszcze w Górniczej Dolinie?","","","DIA_ORC_102_Nurshak_18_24","",""
"Scripts/Content/bumshak.d:29045","Ich bleibe noch ein wenig (MONSTER SPAWNEN).","Jeszcze trochę zostanę. (ODRODZENIE STWORÓW).","","","dia_orc_102_nurshak_quit.dia_orc_102_nurshak_roam","Info_AddChoice",""
"Scripts/Content/bumshak.d:29046","Ich will abreisen (SPIEL BEENDEN).","Chcę już wyruszyć. (ZAKOŃCZ GRĘ).","","","dia_orc_102_nurshak_quit.dia_orc_102_nurshak_end","Info_AddChoice",""
"Scripts/Content/bumshak.d:29050","Ich bleibe noch ein wenig.","Jeszcze trochę zostanę.","","","DIA_ORC_102_Nurshak_18_25","",""
"Scripts/Content/bumshak.d:29051","Gut. Hier hast du die Kette und ein paar Tränke.","Dobrze, masz tu naszyjnik i kilka napojów leczniczych.","","","DIA_ORC_102_Nurshak_18_26","",""
"Scripts/Content/bumshak.d:29091","Für die Horde.","Za Hordę.","","","dia_orc_108_krugg.description","",""
"Scripts/Content/bumshak.d:29099","Für die Horde, Krugg. Was zauberst du uns heute?","Za Hordę, Krugg. Co nam dzisiaj wyczarujesz?","","","DIA_ORC_108_Krugg_18_00","",""
"Scripts/Content/bumshak.d:29100","Rattenfleisch a la Krugg, Bumshak. Filet vom Feinsten.","Mięso z szczura a'la Krugg. Inaczej mówiąc polędwica.","","","DIA_ORC_108_Krugg_18_01","",""
"Scripts/Content/bumshak.d:29101","Traumhaft, Krugg. Traumhaft.","Świetnie, Krugg. Świetnie.","","","DIA_ORC_108_Krugg_18_02","",""
"Scripts/Content/bumshak.d:29130","Für die Horde, Tum-Pak.","Za Hordę.","","","dia_orc_113_tumpak.description","",""
"Scripts/Content/bumshak.d:29141","Für die Horde, Tum-Pak.","Za Hordę.","","","DIA_ORC_113_Tumpak_18_00","",""
"Scripts/Content/bumshak.d:29142","Für die Horde, Krieger. Lass mich raten. Du willst meinen Ring haben. Hah. Ja glaubst du denn, ich gebe meinen Ring jedem dahergelaufenen Idioten?","Za Hordę wojowniku. Niech no zgadnę. Chcesz mój pierścień. Ha!. Myślisz, że oddam swój pierścień pierwszemu lepszemu idiocie?","","","DIA_ORC_113_Tumpak_18_01","",""
"Scripts/Content/bumshak.d:29143","Wenn du meinen Ring haben willst, musst du mir erst beweisen, dass du würdig bist. Besorge mir das Horn eines Schattenläufers.","Jak chcesz dostać mój pierścień musisz udowodnić, że jesteś tego wart. Zdobądź róg cieniostwora.","","","DIA_ORC_113_Tumpak_18_02","",""
"Scripts/Content/bumshak.d:29144","In dem kleinen Wald in der Nähe treibt sich einer rum. Weggetreten.","Znajdziesz go w małym lasku niedaleko miejsca gdzie pędzą rum. Rozejść się!","","","DIA_ORC_113_Tumpak_18_03","",""
"Scripts/Content/bumshak.d:29158","Ich habe das Horn.","Mam ten róg.","","","dia_orc_113_tumpak_solve.description","",""
"Scripts/Content/bumshak.d:29169","Ich habe den Schattenläufer erlegt und bringe dir das Horn, Tum-Pak.","Zabiłem cieniostwora i mam przy sobie jego róg.","","","DIA_ORC_113_Tumpak_18_04","",""
"Scripts/Content/bumshak.d:29170","Hah. Das hätte ich dir nicht zugetraut. Nun gut, hier hast du den Ring. Weggetreten.","Ha! Nie spodziewałem się tego po tobie. Dobrze, masz tu mój pierścień. Rozejść się.","","","DIA_ORC_113_Tumpak_18_05","",""
"Scripts/Content/bumshak.d:29187","Wie ist die Lage, Tum-Pak?","Jak sytuacja, Tum-Paku?","","","dia_orc_113_tumpak_st.description","",""
"Scripts/Content/bumshak.d:29198","Wie ist die Lage, Tum-Pak?","Jak sytuacja, Tum-Paku?","","","DIA_ORC_113_Tumpak_18_06","",""
"Scripts/Content/bumshak.d:29199","Alles ruhig, Bumshak.","Wszystko w porządku, Bumshaku.","","","DIA_ORC_113_Tumpak_18_07","",""
"Scripts/Content/bumshak.d:29200","Wir haben das Minental zum größten Teil unter Kontrolle. Ab und zu sichten unsere Späher noch versprengte Ritter und Drachenjäger.","Pod naszą kontrolą znajduje się większa część Górniczej Doliny. Nasi szpiedzy dostrzegają od czasu do czasu rozproszonych rycerzy albo łowców smoków.","","","DIA_ORC_113_Tumpak_18_08","",""
"Scripts/Content/bumshak.d:29201","Aber sie sind isoliert und voller Angst. Sie sollten keine Gefahr für einen so erfahrenen Kämpfer wie dich darstellen.","Ale są oni nie zorganizowani i przestraszeni. Nie przedstawiają żadnego zagrożenia dla tak doświadczonego wojownika jak ty.","","","DIA_ORC_113_Tumpak_18_09","",""
"Scripts/Content/bumshak.d:29202","Danke für die Information, Tum-Pak.","Dziękuję za informacje.","","","DIA_ORC_113_Tumpak_18_10","",""
"Scripts/Content/bumshak.d:29213","Wie ist die Lage, Tum-Pak?","Jakieś wieści, Tum-Paku?","","","dia_orc_113_tumpak_mission6.description","",""
"Scripts/Content/bumshak.d:29224","Wie ist die Lage, Tum-Pak?","Jakieś wieści, Tum-Paku?","","","DIA_ORC_113_Tumpak_18_11","",""
"Scripts/Content/bumshak.d:29225","Eigentlich alles ruhig, Bumshak.","Właściwie wszystko w porządku, Bumshaku.","","","DIA_ORC_113_Tumpak_18_12","",""
"Scripts/Content/bumshak.d:29226","Allerdings kamen mir Berichte von merkwürdigen Aktivitäten rund um den alten Turm zu Ohren.","Doszły mnie tylko słuchy o podejrzanych rzeczach koło starej wieży.","","","DIA_ORC_113_Tumpak_18_13","",""
"Scripts/Content/bumshak.d:29227","Vielleicht schaust du dir das bei Gelegenheit mal an.","Może sprawdzisz to przy okazji.","","","DIA_ORC_113_Tumpak_18_14","",""
"Scripts/Content/bumshak.d:29228","Danke für die Information, Tum-Pak.","Zajmę się tym.","","","DIA_ORC_113_Tumpak_18_15","",""
"Scripts/Content/bumshak.d:29242","Ich habe den Turm untersucht.","Byłem we wieży.","","","dia_orc_113_tumpak_mission6_solve.description","",""
"Scripts/Content/bumshak.d:29253","Ich habe mich um die Sache mit dem Turm gekümmert. Es ist alles in Ordnung.","Złożyłem wizytę we wieży. Wszystko jest już w porządku.","","","DIA_ORC_113_Tumpak_18_16","",""
"Scripts/Content/bumshak.d:29254","Danke, Bumshak.","Dziękuję Bumshaku.","","","DIA_ORC_113_Tumpak_18_17","",""
"Scripts/Content/bumshak.d:29286","Für die Horde, Durkash.","Za Hordę.","","","dia_orc_116_durkash.description","",""
"Scripts/Content/bumshak.d:29297","Für die Horde, Durkash.","Za Hordę.","","","DIA_ORC_116_Durkash_18_00","",""
"Scripts/Content/bumshak.d:29298","Was heißt hier 'Für die Horde'? Tod den Menschen! Tod diesem Abschaum!","Co rozumiesz przez ‘Za Hordę’? Śmierć ludziom! Zabić, zniszczyć, zdeptać!","","","DIA_ORC_116_Durkash_18_01","",""
"Scripts/Content/bumshak.d:29299","Erst töten sie Hosh-Pak, unseren glorreichen Führer Hosh-Pak.","Oni zabili Hosh-Paka! Naszego pełnego chwały wodza Hosh-Paka!","","","DIA_ORC_116_Durkash_18_02","",""
"Scripts/Content/bumshak.d:29300","Dann schicken sie so einen Irren mit brennendem Schwert, der sich durch unsere Reihen schnetzelt, als wäre es zartes Keiler-Fleisch.","Wysłali przeciwko nam szaleńca z płonącym mieczem, który przebił się przez nasze szeregi i szlachtował nas jak owce przeznaczone na rzeź.","","","DIA_ORC_116_Durkash_18_03","",""
"Scripts/Content/bumshak.d:29301","Aber unsere Rache wird grausam sein. Jeder in der Burg wird darum betteln, endlich vom Tod erlöst zu werden.","Ale nasza zemsta będzie okrutna. Każdy w zamku zostanie rozszarpany a jego członki będą rzucone wargom na pożarcie.","","","DIA_ORC_116_Durkash_18_04","",""
"Scripts/Content/bumshak.d:29302","Allerdings ziehe ich niemals in die Schlacht, ohne mir nicht vorher den Beistand eines Schamanen geholt zu haben.","Jednakże nie ruszę do walki bez wsparcia ze strony jednego z szamanów.","","","DIA_ORC_116_Durkash_18_05","",""
"Scripts/Content/bumshak.d:29303","In unserem alten Dorf vor dem eingestürzten Tempel lebt der Schamane Ho'Ra-Nakk. Er ist der Bruder von Hosh-Pak.","W naszej starej wiosce przed zawaloną świątynią żyje szaman Ho'Ra-Nakk, on jest bratem Hosh-Paka.","","","DIA_ORC_116_Durkash_18_06","",""
"Scripts/Content/bumshak.d:29304","Suche ihn auf und bitte ihn um seelischen Beistand. Dann werde ich dir auch meinen Ring überlassen.","Znajdź go i wyproś o duchowe wsparcie dla nas. Jak ci się uda, to oddam ci mój pierścień.","","","DIA_ORC_116_Durkash_18_07","",""
"Scripts/Content/bumshak.d:29318","Ich habe mit Ho'Ra-Nakk gesprochen.","Rozmawiałem z Ho'Ra-Nakkiem.","","","dia_orc_116_durkash_solve.description","",""
"Scripts/Content/bumshak.d:29329","Ich habe mit Ho'Ra-Nakk gesprochen und bringe dir diesen Glücksbringer.","Rozmawiałem z Ho'Ra-Nakkiem i mam dla ciebie talizman.","","","DIA_ORC_116_Durkash_18_08","",""
"Scripts/Content/bumshak.d:29330","Ausgezeichnet. Hier hast du meinen Ring, Krieger. Ich kann es einfach nicht abwarten, diesen haarlosen Schwächlingen in den Arsch zu treten.","Doskonale. Masz mój pierścień, wojowniku. Już nie mogę się doczekać chwili w której skopiemy tym cherlakom tyłki.","","","DIA_ORC_116_Durkash_18_09","",""
"Scripts/Content/bumshak.d:29347","Für die Horde, Durkash.","Za Hordę.","","","dia_orc_116_durkash_st.description","",""
"Scripts/Content/bumshak.d:29358","Für die Horde, Durkash.","Za Hordę.","","","DIA_ORC_116_Durkash_18_10","",""
"Scripts/Content/bumshak.d:29359","Für die Horde, Bumshak.","Za Hordę, Bumshaku.","","","DIA_ORC_116_Durkash_18_11","",""
"Scripts/Content/bumshak.d:29360","Ich hoffe du willst nicht schon wieder irgendwelche Ringe von mir.","Coś się stało? Mam nadzieję, że nie chcesz ode mnie jeszcze jednego pierścienia pierścienia.","","","DIA_ORC_116_Durkash_18_12","",""
"Scripts/Content/bumshak.d:29361","Nein, Durkash. Ist schon in Ordnung.","Nie, nic się nie stało.","","","DIA_ORC_116_Durkash_18_13","",""
"Scripts/Content/bumshak.d:29390","Für die Horde, Farrok.","Za Hordę.","","","dia_orc_123_farrok.description","",""
"Scripts/Content/bumshak.d:29401","Für die Horde, Farrok.","Za Hordę.","","","DIA_ORC_123_Farrok_18_00","",""
"Scripts/Content/bumshak.d:29402","Für die Horde, Krieger. Du willst bestimmt meinen Ring haben. Dafür musst da aber auch was für mich tun. Ich will ein Schwert.","Za Hordę, wojowniku. Pewnie chcesz dostać mój pierścień. Jednak w zamian musisz coś mi przynieść. Chodzi o miecz.","","","DIA_ORC_123_Farrok_18_01","",""
"Scripts/Content/bumshak.d:29403","Schau dir diese Äxte an. Die sind doch scheiße. Viel zu unförmig. Damals hatten wir diese schicken Schwerter. Ja, das waren noch Zeiten.","Popatrz na te topory. Wyglądają jak gówno! Zupełnie bezkształtne. Kiedyś mieliśmy piękne miecze. To były dobre czasy.","","","DIA_ORC_123_Farrok_18_02","",""
"Scripts/Content/bumshak.d:29404","Jetzt haben die Echsenmenschen unsere alten Schwerter. Diese Bastarde. Wie gerne würde ich einem von ihnen die Fresse einschlagen und ihm das Schwert abnehmen.","Teraz jaszczuroludzie mają nasze miecze. Chętnie obiłbym jednemu z nich pysk i przywłaszczył sobie taki miecz.","","","DIA_ORC_123_Farrok_18_03","",""
"Scripts/Content/bumshak.d:29405","Aber wie du weißt, sind wir eine Allianz eingegangen. Ich als Kriegsherr kann mir keine diplomatischen Verwicklungen leisten.","Jednak jak sam wiesz, są to nasi sojusznicy. Niestety jako Herszt nie mogę sobie na to pozwolić. To było by nie dyplomatyczne, sam rozumiesz.","","","DIA_ORC_123_Farrok_18_04","",""
"Scripts/Content/bumshak.d:29406","Aber du bist neu hier. Dich kennt hier noch keiner. Im Zelt oben auf der Anhöhe treibt sich einer von den Bastarden rum. Bringe mir sein Schwert.","Ty mógłbyś to zrobić, jesteś tu nowy. Nikt cię jeszcze nie zna. Jeden pędzi sobie rum w namiocie na wzgórzu. Przynieś mi jego miecz.","","","DIA_ORC_123_Farrok_18_05","",""
"Scripts/Content/bumshak.d:29421","Ich habe das Schwert.","Mam miecz.","","","dia_orc_123_farrok_solve.description","",""
"Scripts/Content/bumshak.d:29432","Ich habe der Echse das Schwert abgenommen. Hier ist es.","Odebrałem jaszczuroczłekowi miecz. Mam go przy sobie.","","","DIA_ORC_123_Farrok_18_06","",""
"Scripts/Content/bumshak.d:29433","Sehr schön. Schau es dir an. So muss eine Klinge aussehen. Findest du nicht auch?","Bardzo dobrze. Popatrz na to. Tak powinno wyglądać ostrze, nie sądzisz?","","","DIA_ORC_123_Farrok_18_07","",""
"Scripts/Content/bumshak.d:29441","Ist doch voll schäbig.","Jest do niczego.","","","dia_orc_123_farrok_solve.dia_orc_123_farrok_no","Info_AddChoice",""
"Scripts/Content/bumshak.d:29442","Wunderschön.","Przepiękne.","","","dia_orc_123_farrok_solve.dia_orc_123_farrok_yes","Info_AddChoice",""
"Scripts/Content/bumshak.d:29447","Wunderschön.","Przepiękne.","","","DIA_ORC_123_Farrok_18_08","",""
"Scripts/Content/bumshak.d:29448","Ja, so ist es. Na ja egal, hier hast du meinen Ring. Tod den Menschen, Krieger.","Tak, rzeczywiście. Oto mój pierścień. Śmierć ludziom, wojowniku.","","","DIA_ORC_123_Farrok_18_09","",""
"Scripts/Content/bumshak.d:29459","Ist doch voll schäbig.","Jest do niczego.","","","DIA_ORC_123_Farrok_18_10","",""
"Scripts/Content/bumshak.d:29460","Ha, ha. Was versteht ihr Jungspunde schon von Waffen. Na ja egal, hier hast du meinen Ring. Tod den Menschen, Krieger.","He, he. Co taki młodzik może wiedzieć o broni. Mniejsza z tym, masz tu mój pierścień. Śmierć ludziom, wojowniku.","","","DIA_ORC_123_Farrok_18_11","",""
"Scripts/Content/bumshak.d:29476","Für die Horde, Farrok.","Za Hordę Farrok.","","","dia_orc_123_farrok_st.description","",""
"Scripts/Content/bumshak.d:29487","Für die Horde, Farrok.","Za Hordę, Farrok!","","","DIA_ORC_123_Farrok_18_12","",""
"Scripts/Content/bumshak.d:29488","Für die Horde, Bumshak.","Za Hordę, Bumshak!","","","DIA_ORC_123_Farrok_18_13","",""
"Scripts/Content/bumshak.d:29499","Schöne Grüße von deinem Bruder Sarrok!","Pozdrowienia od twojego brata Sarroka!","","","dia_orc_123_farrok_mission10.description","",""
"Scripts/Content/bumshak.d:29510","Schöne Grüße von deinem Bruder Sarrok.","Pozdrowienia od twojego brata Sarroka.","","","DIA_ORC_123_Farrok_18_14","",""
"Scripts/Content/bumshak.d:29511","Danke, Bumshak.","Dziękuję Bumshaku.","","","DIA_ORC_123_Farrok_18_15","",""
"Scripts/Content/bumshak.d:29553","AAAAARG! DU HAST MEINE BABYS GETÖTET! STIIIIRB!","AAAAARG! ZABIŁEŚ MOJE DZIECKO! GIIIŃ!","","","DIA_ORC_143_GoshakGar_18_00","",""
"Scripts/Content/bumshak.d:29558","NEIN! WARTE...","NIE! CZEKAJ...","","","dia_orc_143_goshakgar.dia_orc_143_goshakgar_end","Info_AddChoice",""
"Scripts/Content/bumshak.d:29591","(Du kannst dem Krieger noch nichts nachweisen.)","(Nie możesz mu jeszcze nic udowodnić.)","","","dia_orc_144_dieb_notyet.description","",""
"Scripts/Content/bumshak.d:29612","Hey du. Ich hab dich.","Hej ty. Mam cię.","","","dia_orc_144_dieb_yet.description","",""
"Scripts/Content/bumshak.d:29625","Hey du. Ich hab dich!","Hej ty. Mam cię!","","","DIA_ORC_144_Dieb_18_00","",""
"Scripts/Content/bumshak.d:29626","Was? Wer da? Oh nein, bitte töte mich nicht.","Co? Kto? Och nie, proszę nie zabijaj mnie.","","","DIA_ORC_144_Dieb_18_01","",""
"Scripts/Content/bumshak.d:29627","Dafür wirst du verbannt werden. Warum bringst du Schande über dich und die ganze Horde?","Zostaniesz wypędzony. Dlaczego przynosisz wstyd sobie i całej Hordzie?","","","DIA_ORC_144_Dieb_18_02","",""
"Scripts/Content/bumshak.d:29628","Aber ich habe doch so einen Hunger. Und das gute Fleisch kriegen immer nur die Elite. Wir Krieger bekommen immer nur die Knorpel.","Ale ja jestem głodny. Dobre mięso dostaje zawsze Elita. My Wojownicy dostajemy tylko chrząstki.","","","DIA_ORC_144_Dieb_18_03","",""
"Scripts/Content/bumshak.d:29629","Schweig. Ich werde jetzt Ur-Shak Bericht erstatten. Und du rührst dich nicht vom Fleck.","Milcz. Zdam raport Ur-Shakowi a ty nigdzie się nie ruszaj.","","","DIA_ORC_144_Dieb_18_04","",""
"Scripts/Content/bumshak.d:29630","Ja, Bumshak (seufzt).","Dobrze, Bumshaku (wzdycha).","","","DIA_ORC_144_Dieb_18_05","",""
"Scripts/Content/bumshak.d:29662","Schnell, raus hier!","Szybko, na zewnątrz!","","","dia_orc_145_kind.description","",""
"Scripts/Content/bumshak.d:29670","Schnell, raus hier!","Szybko, na zewnątrz!","","","DIA_ORC_145_Kind_18_00","",""
"Scripts/Content/bumshak.d:29671","(Stottert) Ja...","(jąka się) Tak...","","","DIA_ORC_145_Kind_18_01","",""
"Scripts/Content/bumshak.d:29686","Alles in Ordnung?","Wszystko w porządku?","","","dia_orc_145_kind_rescued.description","",""
"Scripts/Content/bumshak.d:29697","Alles in Ordnung?","Wszystko w porządku?","","","DIA_ORC_145_Kind_18_02","",""
"Scripts/Content/bumshak.d:29698","Ja, nochmal danke für alles. Wenn ich groß bin, werde ich Schamane!","Tak, dziękuje za wszystko. Kiedy będę duży zostanę szamanem!","","","DIA_ORC_145_Kind_18_03","",""
"Scripts/Content/bumshak.d:29738","Halt! Bitte hilf mir! Mein Sohn ist von Untoten entführt und in die Höhle unter dem Steinkreis geschleppt worden.","Stój! Proszę pomóż mi! Mojego syna porwali nieumarli i prowadzą go do jaskini pod kamiennym kręgiem.","","","DIA_ORC_146_Vater_18_00","",""
"Scripts/Content/bumshak.d:29739","Ich habe ihn heute das erste Mal mit auf die Jagd genommen. Doch plötzlich tauchten überall Untote auf und entrissen ihn mir.","Wziąłem go dzisiaj pierwszy raz na polowanie. W pewnym momencie wszędzie pojawili się nieumarli i porwali mi go.","","","DIA_ORC_146_Vater_18_01","",""
"Scripts/Content/bumshak.d:29740","Im Kampf gegen die Untoten ist mein altes Krush Agash zerbrochen. Bitte hole meinen Sohn dort für mich raus!","Moja stara broń złamała się w walce z nimi. Proszę wyciągnij mojego syna stamtąd.","","","DIA_ORC_146_Vater_18_02","",""
"Scripts/Content/bumshak.d:29741","Keine Sorge. Ich werde ihn rausholen.","Bez obaw. Przyprowadzę go z powrotem.","","","DIA_ORC_146_Vater_18_03","",""
"Scripts/Content/bumshak.d:29755","Dein Kind ist frei.","Twój syn jest bezpieczny.","","","dia_orc_146_vater_mission8_solve.description","",""
"Scripts/Content/bumshak.d:29766","Dein Kind ist frei.","Twój syn jest bezpieczny.","","","DIA_ORC_146_Vater_18_04","",""
"Scripts/Content/bumshak.d:29767","Tausend Dank. Du bist bestimmt verletzt. Nimm diesen Heiltrank.","Dozgonne dzięki. Jesteś pewnie ranny. Weź ten napój leczniczy.","","","DIA_ORC_146_Vater_18_05","",""
"Scripts/Content/bumshak.d:29808","Verdammt. Diese garstigen Gerippe haben mir meine geliebte Statue geklaut und sind in dieser Mine verschwunden. Kannst du sie mir zurückholen?","Szlag! Ten obrzydliwy szkielet ukradł mi mój ukochany posążek i zniknął w tej jaskini. Czy możesz mi go przynieść z powrotem?","","","DIA_ORC_147_Workash_18_00","",""
"Scripts/Content/bumshak.d:29809","Leider kann ich dir nicht helfen, da meine magische Kraft erschöpft ist. Ich habe aber auch eine Belohnung für dich.","Nie będę ci niestety mógł tam towarzyszyć, bo moja magiczna siła się wyczerpała . Mam jednak za to dla ciebie nagrodę.","","","DIA_ORC_147_Workash_18_01","",""
"Scripts/Content/bumshak.d:29810","Okay, ich werde dir deine Statue zurückbringen.","Dobrze, przyniosę ci ten posążek.","","","DIA_ORC_147_Workash_18_02","",""
"Scripts/Content/bumshak.d:29824","Hier hast du deine Statue.","Proszę, twój posążek.","","","dia_orc_147_workash_mission9_solve.description","",""
"Scripts/Content/bumshak.d:29835","Hier hast du deine Statue.","Proszę, twój posążek.","","","DIA_ORC_147_Workash_18_03","",""
"Scripts/Content/bumshak.d:29836","Meine Statue! Vielen Dank! Dafür schenke ich dir diesen schönen Goldbrocken. Sie sind hier im Minental sehr selten.","Mój posąg! Wielkie dzięki! Weź w zamian za to ten odłamek złota. Niewiele ich można znaleźć w tej dolinie.","","","DIA_ORC_147_Workash_18_04","",""
"Scripts/Content/bumshak.d:29881","Hey, du! Du kommst doch aus der Burg, oder? Grüß mal bitte meinen Bruder Farrok von mir.","Hej, ty! Przybywasz z zamku? Pozdrów mojego brata Farroka ode mnie.","","","DIA_ORC_148_Sarrok_18_00","",""
"Scripts/Content/bumshak.d:29882","Ehm...okay.","Ehm...dobrze.","","","DIA_ORC_148_Sarrok_18_01","",""
"Scripts/Content/bumshak.d:29922","Willkommen in unserer Horde, Bumshak. Ich bin Narkash. Du unterstehst hier meinem Befehl.","Witamy w Hordzie, Bumshaku. Jestem Narkash. Jesteś moim podwładnym i musisz wypełniać moje zadania.","","","DIA_ORC_151_Narkash_Mission1_18_00","",""
"Scripts/Content/bumshak.d:29923","Alle Krieger im Tal bereiten sich auf den großen Sturm auf die Burg vor. Unsere Chancen stehen gut. Die Menschen sind geschwächt.","Wszyscy wojownicy w dolinie przygotowują się do szturmu na zamek. Szanse powodzenia są duże. Ludzie są wystraszeni.","","","DIA_ORC_151_Narkash_Mission1_18_01","",""
"Scripts/Content/bumshak.d:29924","Aber bevor ich dich in den Stand des Kriegers erhebe, musst du mir erst beweisen, dass du würdig bist.","Ale zanim podniosę cię do rangi Wojownika, musisz udowodnić, że jesteś tego godzien.","","","DIA_ORC_151_Narkash_Mission1_18_02","",""
"Scripts/Content/bumshak.d:29925","Ich habe auch gleich eine erste Aufgabe für dich. Unsere Nahrung wird knapp. Du musst für die Horde auf Jagd gehen.","Mam teraz dla ciebie pierwsze zadanie. Nasz pokarm jest, jakby to powiedzieć, gówniany. Musisz iść i upolować coś dla Hordy.","","","DIA_ORC_151_Narkash_Mission1_18_03","",""
"Scripts/Content/bumshak.d:29926","Überquere die Brücke und halte dich dann rechts. Auf dem Weg hoch in die Berge wurde eine Rotte von Beissern gesichtet.","Idź przez most, a potem skręć w prawo. Wysoko w górach dostrzeżono grupę kąsaczy.","","","DIA_ORC_151_Narkash_Mission1_18_04","",""
"Scripts/Content/bumshak.d:29927","Töte sie und bringe mir ihr Fleisch.","Zabij je i przynieś ich mięso.","","","DIA_ORC_151_Narkash_Mission1_18_05","",""
"Scripts/Content/bumshak.d:29928","Ich werde dich nicht entäuschen Narkash.","Nie zawiodę cię Narkashu.","","","DIA_ORC_151_Narkash_Mission1_18_06","",""
"Scripts/Content/bumshak.d:29943","Ich habe das Fleisch.","Mam dla ciebie mięso.","","","dia_orc_151_narkash_mission1_solve.description","",""
"Scripts/Content/bumshak.d:29954","Ich habe die Beisser getötet und bringe dir ihr Fleisch.","Zabiłem kąsacze i przyniosłem ci ich mięso.","","","DIA_ORC_151_Narkash_Mission1_18_07","",""
"Scripts/Content/bumshak.d:29955","Gut. Ihr Fleisch wird unsere Horde stärken. Komme wieder, wenn du bereit für die nächste Aufgabe bist.","Dobrze. To mięso podniesie siłę naszej Hordy. Przyjdź po następne zadanie, gdy będziesz gotowy.","","","DIA_ORC_151_Narkash_Mission1_18_08","",""
"Scripts/Content/bumshak.d:29970","Ich bin bereit für weitere Aufgaben.","Jestem gotów do kolejnego zadania.","","","dia_orc_151_narkash_mission2.description","",""
"Scripts/Content/bumshak.d:29981","Ich bin bereit für weitere Aufgaben.","Jestem gotów do kolejnego zadania.","","","DIA_ORC_151_Narkash_Mission2_18_00","",""
"Scripts/Content/bumshak.d:29982","Gut. Ich habe einen weiteren Auftrag für dich, Bumshak.","Dobrze. Mam dla ciebie kolejne zadanie, Bumshaku.","","","DIA_ORC_151_Narkash_Mission2_18_01","",""
"Scripts/Content/bumshak.d:29983","Der Schamane Mum-Nakk benötigt zehn Heilpflanzen, um Heiltränke für unsere Brüder an der Front zu brauen.","Szaman Mum-Nakk potrzebuje 10 roślin leczniczych, aby przygotować napoje lecznicze dla naszych braci na froncie.","","","DIA_ORC_151_Narkash_Mission2_18_02","",""
"Scripts/Content/bumshak.d:29984","Entlang unserer Palisade wachsen diese Pflanzen. Überquere die Brücke und halte dich dann links.","Te rośliny rosną wzdłuż naszej palisady. Musisz iść przez most, a potem skręcić w lewo.","","","DIA_ORC_151_Narkash_Mission2_18_03","",""
"Scripts/Content/bumshak.d:29985","Bringe die Pflanzen aber nicht zu Mum-Nakk, sondern zu mir. Wie du weißt, darfst du es als Späher niemals wagen, einen Schamanen anzusprechen.","Pod żadnym pozorem nie zanoś tych roślin Mum-Nakkowi tylko przynieś je do mnie. Jak wiesz, nie możesz rozmawiać z Szamanem jako zwykły ork.","","","DIA_ORC_151_Narkash_Mission2_18_04","",""
"Scripts/Content/bumshak.d:29986","Auch wenn diese Aufgabe nicht die Axt eines Kriegers verlangt so musst du doch lernen, dass sie von genauso großer Wichtigkeit ist.","Nawet jeśli to zadanie nie wymaga użycia topora to musisz wiedzieć, że jest ono tak samo ważne jak inne.","","","DIA_ORC_151_Narkash_Mission2_18_06","",""
"Scripts/Content/bumshak.d:29987","Kannst du mir sagen warum?","Podejmiesz się tego zadania?","","","DIA_ORC_151_Narkash_Mission2_18_07","",""
"Scripts/Content/bumshak.d:29989","Ja. Weil sie dem Wohl der Horde dient.","Tak. Ponieważ jest ono dla dobra Hordy.","","","dia_orc_151_narkash_mission2.dia_orc_151_narkash_mission2_yes","Info_AddChoice",""
"Scripts/Content/bumshak.d:29990","Nein. Ich bin hier nicht zum Kräutersammeln da.","Nie! Nie jestem tu od zbierania jakiegoś pieprzonego zielska.","","","dia_orc_151_narkash_mission2.dia_orc_151_narkash_mission2_no","Info_AddChoice",""
"Scripts/Content/bumshak.d:29994","Ja. Weil sie dem Wohl der Horde dient.","Tak. Ponieważ jest ono dla dobra Hordy.","","","DIA_ORC_151_Narkash_Mission2_18_08","",""
"Scripts/Content/bumshak.d:29995","Genauso ist es. Und nun mach dich auf die Suche.","Dokładnie tak. Teraz zabierz się za zbieranie ziół.","","","DIA_ORC_151_Narkash_Mission2_18_09","",""
"Scripts/Content/bumshak.d:30003","Nein. Ich bin hier nicht zum Kräutersammeln da.","Nie! Nie jestem tu od zbierania jakiegoś pieprzonego zielska.","","","DIA_ORC_151_Narkash_Mission2_18_10","",""
"Scripts/Content/bumshak.d:30004","Schweig, Narr. Die Aufgabe dient dem Wohl der Horde und ist genauso wichtig wie der Kampf an der Front. Und nun mach dich auf die Suche.","Milcz głupcze. To zadanie jest dla dobra Hordy i jest tak samo ważne jak walka na froncie. I zabieraj mi się natychmiast za poszukiwanie tych ziół!","","","DIA_ORC_151_Narkash_Mission2_18_11","",""
"Scripts/Content/bumshak.d:30019","Ich habe die Heilpflanzen.","Mam rośliny lecznicze.","","","dia_orc_151_narkash_mission2_solve.description","",""
"Scripts/Content/bumshak.d:30030","Ich habe die zehn Heilpflanzen besorgt.","Mam 10  roślin leczniczych.","","","DIA_ORC_151_Narkash_Mission2_18_12","",""
"Scripts/Content/bumshak.d:30031","Ausgezeichnet. Sie werden unseren Brüdern neue Kraft für den Kampf gegen die Menschen geben. Du leistest der Horde wertvolle Hilfe, Bumshak.","Doskonale. Dadzą naszym braciom nową siłę do walki przeciwko ludziom.","","","DIA_ORC_151_Narkash_Mission2_18_13","",""
"Scripts/Content/bumshak.d:30032","Komme wieder, wenn du bereit für die nächste Aufgabe bist.","Przyjdź ponownie, gdy będziesz gotowy by wypełnić kolejne zadanie.","","","DIA_ORC_151_Narkash_Mission2_18_14","",""
"Scripts/Content/bumshak.d:30047","Gibt es etwas, was ich tun kann?","Czy jest coś, co mogę jeszcze zrobić?","","","dia_orc_151_narkash_mission3.description","",""
"Scripts/Content/bumshak.d:30058","Gibt es etwas, was ich tun kann?","Czy jest coś, co mogę jeszcze zrobić?","","","DIA_ORC_151_Narkash_Mission3_18_00","",""
"Scripts/Content/bumshak.d:30059","Gut das du fragst, Bumshak. Bubba, einer unserer Kriegshunde, ist verschwunden. Er hat einen Beisser gejagt und hat sich wohl verlaufen.","Znajdzie się coś, Bumshaku. Jeden z naszych wargów zniknął. Biedak pobiegł gdzieś za kąsaczem i pewnie się zgubił.","","","DIA_ORC_151_Narkash_Mission3_18_01","",""
"Scripts/Content/bumshak.d:30060","Wahrscheinlich ist er hoch in die Berge gelaufen. Finde ihn und bringe ihn zu Bogg. Bogg ist der Krieger auf der Brücke.","Poszukaj go w górach. Proszę cię, znajdź go i przyprowadź go do Bogga. To wojownik, który stoi na moście. Na pewno bardzo martwi się o swojego pupilka.","","","DIA_ORC_151_Narkash_Mission3_18_02","",""
"Scripts/Content/bumshak.d:30076","Ich habe Bubba gefunden.","Znalazłem Bubbę.","","","dia_orc_151_narkash_mission3_solve.description","",""
"Scripts/Content/bumshak.d:30087","Ich habe Bubba gefunden. Er hatte sich in den Bergen verlaufen.","Znalazłem Bubbę. Biedak zabłądził w górach.","","","DIA_ORC_151_Narkash_Mission3_18_03","",""
"Scripts/Content/bumshak.d:30088","Dumm wie Stroh! Aber an der Front sind sie unbezahlbar. Du hast der Horde erneut einen großen Dienst erwiesen, Bumshak.","Głupi jak słoma, ale za to kochany! Jednak na froncie jest bezcenny. Okazałeś się bardzo pomocny dla Hordy, Bumshaku.","","","DIA_ORC_151_Narkash_Mission3_18_04","",""
"Scripts/Content/bumshak.d:30089","Der Meister schätzt Loyalität. Mache so weiter und deine Zukunft wird großartig sein.","Mistrz szanuje sobie lojalność. Rób tak dalej, a twoja przyszłość będzie wspaniała.","","","DIA_ORC_151_Narkash_Mission3_18_05","",""
"Scripts/Content/bumshak.d:30090","Komme wieder, wenn du bereit für weitere Prüfungen bist.","Przyjdź ponownie, gdy będziesz chciał wykonać kolejne zadanie.","","","DIA_ORC_151_Narkash_Mission3_18_06","",""
"Scripts/Content/bumshak.d:30104","Ich bin für weitere Prüfungen bereit.","Jestem gotów do dalszych zadań.","","","dia_orc_151_narkash_mission4.description","",""
"Scripts/Content/bumshak.d:30115","Ich bin für weitere Prüfungen bereit.","Jestem gotów do dalszych zadań.","","","DIA_ORC_151_Narkash_Mission4_18_00","",""
"Scripts/Content/bumshak.d:30116","Gut. Gash-Pak hat Schande über sich und die Horde gebracht. Der einzige Weg für ihn ist nun der Freitod.","Świetnie. Gash-Pak przynosił wstyd Hordzie. Jedynym wyjściem dla niego było samobójstwo.","","","DIA_ORC_151_Narkash_Mission4_18_01","",""
"Scripts/Content/bumshak.d:30117","Er ist zu den Höhlen bei der Burg gegangen. Finde seine Leiche, bringe mir seine Axt und stelle so die Ehre der Horde wieder her.","Poszedł do jaskini obok zamku. Znajdź jego zwłoki i przynieś mi jego topór. To zwróci mu na nowo honor Hordy.","","","DIA_ORC_151_Narkash_Mission4_18_02","",""
"Scripts/Content/bumshak.d:30133","Ich habe die Axt.","Mam ten topór.","","","dia_orc_151_narkash_mission4_solve.description","",""
"Scripts/Content/bumshak.d:30144","Ich habe die Axt von Gash-Pak geborgen.","Mam topór należący do Gash-Paka.","","","DIA_ORC_151_Narkash_Mission4_18_03","",""
"Scripts/Content/bumshak.d:30145","Sehr gut. Die Ehre der Horde ist dank dir wiederhergestellt. Du bist nun würdig, die letzte Prüfung auf dich zu nehmen.","Bardzo dobrze. Odzyskał on swój honor wśród Hordy. Jesteś teraz godzien przystąpić do ostatniego egzaminu.","","","DIA_ORC_151_Narkash_Mission4_18_04","",""
"Scripts/Content/bumshak.d:30146","Komme wieder, wenn du bereit bist.","Przyjdź do mnie, gdy będziesz gotów.","","","DIA_ORC_151_Narkash_Mission4_18_05","",""
"Scripts/Content/bumshak.d:30161","Ich bin bereit für die letzte Prüfung.","Jestem gotów do ostatniego zadania.","","","dia_orc_151_narkash_mission5.description","",""
"Scripts/Content/bumshak.d:30172","Ich bin bereit für die letzte Prüfung.","Jestem gotów do ostatniego zadania.","","","DIA_ORC_151_Narkash_Mission5_18_00","",""
"Scripts/Content/bumshak.d:30173","So sei es. Um in den Stand des Kriegers erhoben zu werden, musst du ein KULU-MULU fertigen. Diese Standarte weist dich als furchtlosen Krieger aus.","Sprawa wygląda tak. Aby zostać wojownikiem musisz zrobić KULU-MULU. Ta broń pokaże innym, że jesteś nieustraszonym wojownikiem.","","","DIA_ORC_151_Narkash_Mission5_18_01","",""
"Scripts/Content/bumshak.d:30174","Ein KULU-MULU wird durch die Zähne eines jungen Bluthundes, die Krallen eines Snappers und die Zangen eines Minecrawlers geschmückt.","KULU-MULU zrobisz z zębów młodego ogara, pazurów zębacza i żuwaczek pełzacza.","","","DIA_ORC_151_Narkash_Mission5_18_02","",""
"Scripts/Content/bumshak.d:30175","Bluthunde treiben sich meist in Wäldern herum. Snapper findest du in den Bergen, und Minecrawler bewohnen in der Regel Höhlen.","Ogary najczęściej wałęsają się w lasach. Zębacze znajdziesz wysoko w górach, a pełzacze zamieszkują jaskinie.","","","DIA_ORC_151_Narkash_Mission5_18_03","",""
"Scripts/Content/bumshak.d:30176","Töte diese Tiere und bringe mir die drei Bestandteile. Vielleicht hast du ja bereits welche erbeutet.","Zabij te zwierzęta i przynieś mi te trzy składniki. Masz już może któryś?","","","DIA_ORC_151_Narkash_Mission5_18_04","",""
"Scripts/Content/bumshak.d:30191","Ich habe alle Bestandteile des KULU-MULU!","Mam wszystkie składniki KULU-MULU!","","","dia_orc_151_narkash_mission5_solve.description","",""
"Scripts/Content/bumshak.d:30202","Ich habe alle Bestandteile des KULU-MULU!","Mam wszystkie składniki KULU-MULU.","","","DIA_ORC_151_Narkash_Mission5_18_05","",""
"Scripts/Content/bumshak.d:30203","Ich wußte, dass du nicht scheitern wirst, Bumshak. Ich erhebe dich hiermit in den Stand des Kriegers. Trage das KULU-MULU mit Stolz!","Wiedziałem, że mnie nie zawiedziesz, Bumshaku. Awansuję cię niniejszym na Wojownika. Noś to KULU-MULU z dumą.","","","DIA_ORC_151_Narkash_Mission5_18_06","",""
"Scripts/Content/bumshak.d:30204","Begib dich nun zur Burg der Menschen. Unsere Brüder belagern sie schon sehr lange. Doch jetzt ist die Gelegenheit günstig. Der Sturm steht kurz bevor.","Udaj się teraz do zamku ludzi. Nasi bracia oblegają już ich bardzo długo. Teraz nadarza się dobra okazja do szturmu.","","","DIA_ORC_151_Narkash_Mission5_18_07","",""
"Scripts/Content/bumshak.d:30205","Melde dich beim Kriegsherren Nur-Shak. Er steht genau vor dem Tor der Burg. Du erkennst ihn an der Axt.","Zamelduj się u dowódcy Nur-Shaka. Stoi dokładnie przed bramą. Rozpoznasz go po toporze.","","","DIA_ORC_151_Narkash_Mission5_18_08","",""
"Scripts/Content/bumshak.d:30206","Viel Glück, Bumshak. Für die Horde.","Dużo szczęścia, Bumshak. Za Hordę!","","","DIA_ORC_151_Narkash_Mission5_18_09","",""
"Scripts/Content/bumshak.d:30207","Für die Horde, Narkash.","Za Hordę, Narkash.","","","DIA_ORC_151_Narkash_Mission5_18_10","",""
"Scripts/Content/bumshak.d:30246","(Einem Späher ist es nicht gestattet, einen Schamanen anzusprechen)","(Zwykły ork nie może sobie pozwolić na rozmowę z szamanem.)","","","dia_orc_152_mumnakk.description","",""
"Scripts/Content/bumshak.d:30257","...","...","","","DIA_ORC_152_Mumnakk_18_00","",""
"Scripts/Content/bumshak.d:30258","...(grummel)...","...(uhmm)...","","","DIA_ORC_152_Mumnakk_18_01","",""
"Scripts/Content/bumshak.d:30269","(Dir fällt leider nichts passendes ein.)","(Nie wypada ci odezwać się.)","","","dia_orc_152_mumnakk_st.description","",""
"Scripts/Content/bumshak.d:30280","...(hust)...","...(odkaszlenie)...","","","DIA_ORC_152_Mumnakk_18_02","",""
"Scripts/Content/bumshak.d:30281","...(grummel)...","...(uhmm)...","","","DIA_ORC_152_Mumnakk_18_03","",""
"Scripts/Content/bumshak.d:30310","Für die Horde.","Za Hordę.","","","dia_orc_154_bobakk.description","",""
"Scripts/Content/bumshak.d:30318","Für die Horde.","Za Hordę!","","","DIA_ORC_154_Bobakk_18_00","",""
"Scripts/Content/bumshak.d:30319","Für die Horde, Bumshak.","Za Hordę, Bumshak.","","","DIA_ORC_154_Bobakk_18_01","",""
"Scripts/Content/bumshak.d:30348","Für die Horde.","Za Hordę.","","","dia_orc_155_bogg.description","",""
"Scripts/Content/bumshak.d:30356","Für die Horde.","Za Hordę!","","","DIA_ORC_155_Bogg_18_00","",""
"Scripts/Content/bumshak.d:30357","Tod den Menschen, Bumshak. Tod den Menschen.","Śmierć ludziom, Bumshak. Śmierć ludziom.","","","DIA_ORC_155_Bogg_18_01","",""
"Scripts/Content/bumshak.d:30379","Du hast Bubba gefunden. Gute Arbeit, Bumshak. Ich werde mich um ihn kümmern.","Znalazłeś Bubba. Dziękuję ci. Nie wiem co bym bez niego zrobił. Będę się nim teraz lepiej opiekować.","","","DIA_ORC_155_Bogg_18_02","",""
"Scripts/Content/bumshak.d:30380","Danke, Bogg.","Nie ma sprawy Bogg.","","","DIA_ORC_155_Bogg_18_03","",""
"Scripts/Content/bumshak.d:30415","Komm mit.","Chodź za mną.","","","dia_orc_156_bubba.description","",""
"Scripts/Content/bumshak.d:30426","Komm mit.","Chodź za mną. Dobry warg. No chodź z panem.","","","DIA_ORC_156_Bubba_18_00","",""
"Scripts/Content/bumshak.d:30427","Wuff.","Wuff.","","","DIA_ORC_156_Bubba_18_01","",""
"Scripts/Content/bumshak.d:30440","Bleib da.","Zostań.","","","dia_orc_156_bubba_stop.description","",""
"Scripts/Content/bumshak.d:30451","Bleib da.","Zostań.","","","DIA_ORC_156_Bubba_18_02","",""
"Scripts/Content/bumshak.d:30452","Wuff.","Wuff.","","","DIA_ORC_156_Bubba_18_03","",""
"Scripts/Content/bumshak.d:30482","Wie ist die Lage?","Co słychać?","","","dia_orc_157_wokshak.description","",""
"Scripts/Content/bumshak.d:30490","Wie ist die Lage?","Co słychać?","","","DIA_ORC_157_Wokshak_18_00","",""
"Scripts/Content/bumshak.d:30491","Alles ruhig. Noch.","Wszędzie spokojnie. Jeszcze...","","","DIA_ORC_157_Wokshak_18_01","",""
"Scripts/Content/bumshak.d:30513","Halt! Horde, Rank und Name?","Stój! Horda, ranga i imię?","","","DIA_ORC_157_Wokshak_18_02","",""
"Scripts/Content/bumshak.d:30514","Nur-Shak, Krieger, Bumshak.","Nur-Shak, Wojownik, Bumshak.","","","DIA_ORC_157_Wokshak_18_03","",""
"Scripts/Content/bumshak.d:30515","Hah! Frischfleisch direkt von der Front. Was treibt dich hier her?","Ha! Świeża krew prosto z frontu. Co cię tu sprowadza?","","","DIA_ORC_157_Wokshak_18_04","",""
"Scripts/Content/bumshak.d:30516","Ich will Ho'Ra-Nakk um seelischen Beistand für den Sturm auf die Burg bitten.","Chcę poprosić Ho'Ra-Nakka o duchowe wsparcie dla wojowników, którzy mają przypuścić szturm na zamek.","","","DIA_ORC_157_Wokshak_18_05","",""
"Scripts/Content/bumshak.d:30517","Gut, du darfst passieren. Aber mach keinen Ärger, hörst du?","Dobrze, możesz przejść, tylko żadnych głupstw. Rozumiesz?","","","DIA_ORC_157_Wokshak_18_06","",""
"Scripts/Content/bumshak.d:30518","Ja, klar.","Rozumiem.","","","DIA_ORC_157_Wokshak_18_07","",""
"Scripts/Content/bumshak.d:30547","Für die Horde, ehrwürdiger Ho'Ra-Nakk.","Za Hordę, czcigodny Ho'Ra-Nakku.","","","dia_orc_158_horanakk.description","",""
"Scripts/Content/bumshak.d:30558","Für die Horde, ehrwürdiger Ho'Ra-Nakk.","Za Hordę, czcigodny Ho'Ra-Nakku.","","","DIA_ORC_158_Horanakk_18_00","",""
"Scripts/Content/bumshak.d:30559","Für die Horde, Krieger. Was kann ich für dich tun?","Za Hordę, wojowniku. Co mogę dla ciebie zrobić?","","","DIA_ORC_158_Horanakk_18_01","",""
"Scripts/Content/bumshak.d:30560","Der Kriegsherr Durkash bittet dich um seelischen Beistand für den Sturm auf die Burg der Menschen.","Dowódca Durkash prosi cię abyś udzielił duchowego wsparcia wojownikom, którzy mają przeprowadzić szturm na zamek.","","","DIA_ORC_158_Horanakk_18_02","",""
"Scripts/Content/bumshak.d:30561","Durkash, sagst du? Hm, ich kenne ihn schon sehr lange. Stark und geschickt, aber er läßt sich zu sehr von seinem Hass leiten.","Durkash, mówisz... Hmm, znam go już bardzo długo. Mam coś co mu pomoże.","","","DIA_ORC_158_Horanakk_18_03","",""
"Scripts/Content/bumshak.d:30562","Überbringe ihm diesen Glücksbringer. Er wird ihm helfen, in der Schlacht niemals mutlos zu sein. Mögen unsere Ahnen uns beistehen.","Przekaż mu ten talizman. Pomoże mu w bitwie. Niech przodkowie mają nas w swojej opiece.","","","DIA_ORC_158_Horanakk_18_04","",""
"Scripts/Content/bumshak.d:30563","Vielen Dank, ehrwürdiger Ho'Ra-Nakk.","Dziękuje, czcigodny Ho'Ra-Nakku.","","","DIA_ORC_158_Horanakk_18_05","",""
"Scripts/Content/bumshak.d:30594","Wie ist die Lage?","Jak wygląda sytuacja tutaj?","","","dia_orc_164_gumpak.description","",""
"Scripts/Content/bumshak.d:30602","Wie ist die Lage?","Jak wygląda sytuacja tutaj?","","","DIA_ORC_164_Gumpak_18_00","",""
"Scripts/Content/bumshak.d:30603","Mittlerweile hat es sich wieder beruhigt. Aber kurz nachdem der Tempel einstürzte, war es sehr schlimm.","Teraz jest tu spokojnie. Jednak krótko po tym jak świątynia się zawaliła było źle.","","","DIA_ORC_164_Gumpak_18_01","",""
"Scripts/Content/bumshak.d:30604","Die meisten von uns waren sofort tot. Die wenigen Überlebenden flohen in Panik.","Większość z nas wtedy zginęła. Ci, którzy przeżyli wpadli w panikę.","","","DIA_ORC_164_Gumpak_18_02","",""
"Scripts/Content/bumshak.d:30605","Die Schamanen ermahnten uns, diesen Ort zu meiden. Doch Ho'Ra-Nakk ließ sich nicht beirren.","Szamani kazali nam unikać tego miejsca. Tylko Ho'Ra-Nakk został.","","","DIA_ORC_164_Gumpak_18_03","",""
"Scripts/Content/bumshak.d:30606","Er ließ dieses Lager hier errichten. Er wollte verhindern, dass die Menschen diesen Ort plündern und schänden.","To on założył ten obóz. Chciał zapobiec plądrowaniu tego miejsca przez ludzi.","","","DIA_ORC_164_Gumpak_18_04","",""
"Scripts/Content/bumshak.d:30607","Außerdem wird am Lagerfeuer gemunkelt, er beziehe noch immer uralte Kräfte aus den Ruinen des Tempels.","Poza tym, podczas rozmów przy ognisku słyszałem, że pobiera on magiczną moc z ruin świątyni.","","","DIA_ORC_164_Gumpak_18_05","",""
"Scripts/Content/bumshak.d:30608","Manchmal hört man in der Nacht noch merkwürdige Geräusche aus den Ruinen kommen. Sie klingen wie die Schreie unserer verschütteten Ahnen.","Czasami w nocy słychać dochodzące z ruin dziwne odgłosy. Brzmią one jak krzyki naszych pogrzebanych przodków.","","","DIA_ORC_164_Gumpak_18_06","",""
"Scripts/Content/bumshak.d:30609","Aber das ist weder mein noch dein Problem. Sollen sich doch die Schamanen um solche Dinge kümmern.","Ale to nie jest ani mój ani twój problem. Niech martwią się tym szamani.","","","DIA_ORC_164_Gumpak_18_07","",""
"Scripts/Content/bumshak.d:30638","Für die Horde, Elite.","Za Hordę, elito.","","","dia_orc_169_burrok_mission11.description","",""
"Scripts/Content/bumshak.d:30646","Für die Horde, Elite.","Za Hordę, elito.","","","DIA_ORC_169_Burrok_18_00","",""
"Scripts/Content/bumshak.d:30647","Ja, ja. Du mich auch. Dieses verdammte Wargfell! Es ist total verwanzt. Dieser Juckreiz bringt mich noch um.","Tak, tak. Za Hordę. To przeklęte futro! Całe zawszone. To świerzbienie mnie wkurwia.","","","DIA_ORC_169_Burrok_18_01","",""
"Scripts/Content/bumshak.d:30648","Warum schmeißt du es dann nicht einfach weg?","Dlaczego go po prostu nie wyrzucisz?","","","DIA_ORC_169_Burrok_18_02","",""
"Scripts/Content/bumshak.d:30649","Bist du verrückt? Dann müsste ich ja auf dem harten Boden schlafen. Nein, das kann ich meinem Hinterteil nicht zumuten.","Zwariowałeś? Musiałbym potem spać na twardej ziemi. Nie, moja dupa tego nie wytrzyma.","","","DIA_ORC_169_Burrok_18_03","",""
"Scripts/Content/bumshak.d:30650","Und wenn du dir einfach ein neues Fell besorgst?","Dlaczego nie załatwisz sobie nowego futra?","","","DIA_ORC_169_Burrok_18_04","",""
"Scripts/Content/bumshak.d:30651","Das nützt nichts. Die Warge sind alle verwanzt. Die Schattenläufer sind auch nicht besser. Mein Traum wäre ja ein Schafsfell.","To nic nie da! Wargi są całe zawszone, cieniostwory wcale nie są lepsze. Mógłbym usnąć tylko na owczym futrze.","","","DIA_ORC_169_Burrok_18_05","",""
"Scripts/Content/bumshak.d:30652","Das ist weich, frei von Wanzen und Flöhen und auch leicht zu waschen. Wenn du mir ein Schafsfell besorgen könntest, wäre ich dir sehr dankbar.","Jest ono miękkie, wolne od wszy i pcheł, a i umyć je łatwo. Byłbym ci bardzo wdzięczny jeśli byś mi je przyniósł.","","","DIA_ORC_169_Burrok_18_06","",""
"Scripts/Content/bumshak.d:30653","Ich würde dir dafür zwei wunderschöne Goldbrocken geben. Sie sind hier im Tal sehr selten.","Dałbym ci w zamian dwie bryłki złota. Tu w dolinie są bardzo rzadkie.","","","DIA_ORC_169_Burrok_18_07","",""
"Scripts/Content/bumshak.d:30654","Gut, ich werde sehen, ob ich ein Schafsfell für dich finde.","Dobrze, zobaczę co da się zrobić.","","","DIA_ORC_169_Burrok_18_08","",""
"Scripts/Content/bumshak.d:30668","Ich habe hier ein Schafsfell für dich.","Mam dla ciebie owcze futro.","","","dia_orc_169_burrok_mission11_solve.description","",""
"Scripts/Content/bumshak.d:30679","Ich habe hier ein weiches und sauberes Schafsfell für dich.","Mam tu dla ciebie miękkie i czyste owcze futro.","","","DIA_ORC_169_Burrok_18_09","",""
"Scripts/Content/bumshak.d:30680","Perfekt! Fühl mal. Spürst du den Unterschied? Vielen Dank! Hier hast du die versprochenen Goldbrocken.","Świetnie! Odczuwasz różnicę? Wielkie dzięki! Możesz teraz wziąć te obiecane bryłki.","","","DIA_ORC_169_Burrok_18_10","",""
